timestamp,track_id,class_name,speed_kmh,is_over_limit,is_parked,bbox_center_x,bbox_center_y,frame_idx
0.033201365187713314,1,car,0.0,False,False,254.7,144.2,1
0.033201365187713314,2,car,0.0,False,False,197.1,140.6,1
0.033201365187713314,3,car,0.0,False,False,330.9,140.5,1
0.06640273037542663,1,car,0.0,False,False,256.3,143.6,2
0.06640273037542663,2,car,0.0,False,False,198.2,140.9,2
0.06640273037542663,3,car,0.0,False,False,332.5,140.4,2
0.09960409556313994,1,car,0.0,False,False,257.0,144.1,3
0.09960409556313994,2,car,0.0,False,False,198.2,140.9,3
0.09960409556313994,3,car,0.0,False,False,332.5,140.4,3
0.13280546075085325,1,car,0.0,False,False,257.9,144.3,4
0.13280546075085325,2,car,0.0,False,False,198.2,140.9,4
0.13280546075085325,3,car,0.0,False,False,332.5,140.4,4
0.16600682593856655,1,car,0.0,False,False,259.8,143.7,5
0.16600682593856655,2,car,0.0,False,False,198.2,140.9,5
0.16600682593856655,3,car,0.0,False,False,332.5,140.4,5
0.19920819112627988,1,car,0.0,False,False,261.3,143.5,6
0.19920819112627988,2,car,0.0,False,False,202.0,141.1,6
0.19920819112627988,3,car,0.0,False,False,337.9,141.4,6
0.23240955631399318,1,car,0.0,False,False,262.1,143.4,7
0.23240955631399318,2,car,0.0,False,False,202.9,141.1,7
0.23240955631399318,3,car,0.0,False,False,338.6,141.5,7
0.2656109215017065,1,car,0.0,False,False,261.7,143.5,8
0.2656109215017065,2,car,0.0,False,False,203.4,141.8,8
0.2656109215017065,3,car,0.0,False,False,340.1,141.6,8
0.29881228668941984,1,car,0.32,False,False,262.2,143.5,9
0.29881228668941984,2,car,0.0,False,False,204.5,142.0,9
0.29881228668941984,3,car,0.0,False,False,341.2,141.7,9
0.3320136518771331,1,car,1.67,False,False,263.4,143.5,10
0.3320136518771331,2,car,0.0,False,False,205.7,142.1,10
0.3320136518771331,3,car,0.0,False,False,341.7,141.6,10
0.36521501706484644,1,car,1.86,False,False,264.5,142.3,11
0.36521501706484644,2,car,0.0,False,False,207.1,142.8,11
0.36521501706484644,3,car,0.0,False,False,344.1,142.0,11
0.39841638225255976,1,car,1.56,False,False,265.0,142.5,12
0.39841638225255976,2,car,2.18,False,False,207.9,142.7,12
0.39841638225255976,3,car,2.94,False,False,345.2,142.4,12
0.43161774744027304,1,car,1.44,False,False,265.9,142.0,13
0.43161774744027304,2,car,1.42,False,False,208.2,142.7,13
0.43161774744027304,3,car,1.95,False,False,346.2,142.5,13
0.46481911262798636,1,car,1.76,False,False,266.7,140.9,14
0.46481911262798636,2,car,1.5,False,False,209.4,143.4,14
0.46481911262798636,3,car,2.04,False,False,347.4,142.2,14
0.4980204778156997,1,car,2.0,False,False,268.3,140.7,15
0.4980204778156997,2,car,1.8,False,False,211.2,143.6,15
0.4980204778156997,3,truck,2.05,False,False,348.9,142.2,15
0.531221843003413,1,car,2.19,False,False,269.5,141.0,16
0.531221843003413,2,car,1.66,False,False,211.7,143.8,16
0.531221843003413,3,truck,2.05,False,False,348.9,142.2,16
0.5644232081911263,1,car,2.16,False,False,270.4,140.8,17
0.5644232081911263,2,car,1.63,False,False,212.7,143.6,17
0.5644232081911263,3,truck,2.05,False,False,348.9,142.2,17
0.5976245733788397,1,car,2.06,False,False,271.3,141.2,18
0.5976245733788397,2,car,1.58,False,False,213.8,143.8,18
0.5976245733788397,3,car,2.68,False,False,353.1,142.5,18
0.6308259385665529,1,car,1.99,False,False,271.2,141.1,19
0.6308259385665529,2,car,1.57,False,False,213.9,144.1,19
0.6308259385665529,3,car,2.8,False,False,354.0,142.8,19
0.6640273037542662,1,car,2.09,False,False,272.6,140.9,20
0.6640273037542662,2,car,1.8,False,False,215.1,144.8,20
0.6640273037542662,3,car,2.71,False,False,355.8,143.7,20
0.6972286689419795,1,car,1.83,False,False,273.5,140.7,21
0.6972286689419795,2,car,1.77,False,False,216.0,145.1,21
0.6972286689419795,3,car,2.7,False,False,356.9,144.2,21
0.7304300341296929,1,car,1.53,False,False,273.8,140.6,22
0.7304300341296929,2,car,1.55,False,False,216.7,145.7,22
0.7304300341296929,3,car,2.82,False,False,358.5,144.6,22
0.7636313993174062,1,car,1.38,False,False,274.5,140.4,23
0.7636313993174062,2,car,1.76,False,False,218.1,146.0,23
0.7636313993174062,3,car,2.91,False,False,360.1,144.9,23
0.7968327645051195,1,car,1.35,False,False,275.4,140.3,24
0.7968327645051195,2,car,1.82,False,False,219.4,146.1,24
0.7968327645051195,3,car,2.82,False,False,361.2,145.3,24
0.8300341296928329,1,car,1.13,False,False,275.7,140.5,25
0.8300341296928329,2,car,1.55,False,False,219.3,146.4,25
0.8300341296928329,3,car,2.04,False,False,361.8,145.2,25
0.8632354948805461,1,car,1.38,False,False,276.9,140.1,26
0.8632354948805461,2,car,1.73,False,False,220.8,146.8,26
0.8632354948805461,3,car,2.21,False,False,363.4,145.3,26
0.8964368600682594,1,car,1.26,False,False,277.9,140.0,27
0.8964368600682594,2,car,1.68,False,False,221.7,147.5,27
0.8964368600682594,3,car,2.02,False,False,364.8,145.6,27
0.9296382252559727,1,car,1.38,False,False,278.8,139.3,28
0.9296382252559727,2,car,1.53,False,False,222.1,147.6,28
0.9296382252559727,3,car,1.92,False,False,365.7,145.7,28
0.962839590443686,1,car,1.44,False,False,279.5,139.3,29
0.962839590443686,2,car,1.39,False,False,222.4,147.9,29
0.962839590443686,3,car,2.07,False,False,367.9,145.7,29
0.9960409556313994,1,car,1.62,False,False,281.0,139.6,30
0.9960409556313994,2,car,1.43,False,False,223.9,148.4,30
0.9960409556313994,3,car,2.06,False,False,369.5,146.2,30
1.0292423208191126,1,car,1.49,False,False,281.3,139.4,31
1.0292423208191126,2,car,1.37,False,False,224.5,148.9,31
1.0292423208191126,3,car,2.04,False,False,370.6,146.4,31
1.062443686006826,1,car,1.7,False,False,282.5,139.0,32
1.062443686006826,2,car,1.85,False,False,226.8,149.2,32
1.062443686006826,3,car,2.4,False,False,372.8,146.9,32
1.0956450511945393,1,car,1.52,False,False,282.9,139.2,33
1.0956450511945393,2,car,1.9,False,False,228.5,149.8,33
1.0956450511945393,3,car,2.47,False,False,374.8,147.4,33
1.1288464163822527,1,car,1.39,False,False,283.2,138.8,34
1.1288464163822527,2,car,1.84,False,False,229.5,150.0,34
1.1288464163822527,3,car,2.4,False,False,375.6,147.5,34
1.162047781569966,1,car,1.25,False,False,283.9,138.5,35
1.162047781569966,2,car,2.05,False,False,231.0,150.4,35
1.162047781569966,3,car,2.58,False,False,377.3,148.1,35
1.1952491467576793,1,car,1.26,False,False,284.6,138.1,36
1.1952491467576793,2,car,2.27,False,False,232.1,151.0,36
1.1952491467576793,3,car,2.35,False,False,378.4,148.3,36
1.2284505119453926,1,car,1.09,False,False,285.3,138.1,37
1.2284505119453926,2,car,2.01,False,False,232.6,151.3,37
1.2284505119453926,3,car,2.16,False,False,379.1,148.6,37
1.2616518771331058,1,car,1.14,False,False,285.8,137.6,38
1.2616518771331058,2,car,2.08,False,False,234.0,151.3,38
1.2616518771331058,3,car,2.41,False,False,381.3,149.3,38
1.2948532423208192,1,car,1.06,False,False,286.7,137.3,39
1.2948532423208192,2,car,2.04,False,False,235.5,152.7,39
1.2948532423208192,3,car,2.34,False,False,383.2,149.7,39
1.3280546075085324,1,car,1.12,False,False,287.5,137.4,40
1.3280546075085324,2,car,1.87,False,False,235.6,153.3,40
1.3280546075085324,3,car,2.23,False,False,384.6,149.9,40
1.3612559726962459,1,car,1.15,False,False,287.9,137.5,41
1.3612559726962459,2,car,2.01,False,False,237.1,154.1,41
1.3612559726962459,3,car,2.21,False,False,385.4,150.2,41
1.394457337883959,1,car,1.18,False,False,288.8,137.9,42
1.394457337883959,2,car,2.05,False,False,238.6,155.3,42
1.394457337883959,3,car,2.2,False,False,387.0,151.1,42
1.4276587030716725,1,car,1.18,False,False,289.5,138.0,43
1.4276587030716725,2,car,1.95,False,False,239.2,155.7,43
1.4276587030716725,3,car,2.26,False,False,388.5,151.1,43
1.4608600682593857,1,car,1.32,False,False,290.8,137.4,44
1.4608600682593857,2,car,2.12,False,False,240.4,156.1,44
1.4608600682593857,3,car,2.54,False,False,390.4,151.6,44
1.494061433447099,1,car,1.57,False,False,291.6,138.2,45
1.494061433447099,2,car,2.2,False,False,242.2,157.0,45
1.494061433447099,3,car,2.33,False,False,391.6,152.3,45
1.5272627986348124,1,car,1.45,False,False,292.0,138.4,46
1.5272627986348124,2,car,1.95,False,False,243.1,157.3,46
1.5272627986348124,3,car,2.07,False,False,392.3,152.6,46
1.5604641638225256,1,car,1.6,False,False,293.3,137.6,47
1.5604641638225256,2,car,2.18,False,False,245.0,158.1,47
1.5604641638225256,3,car,2.19,False,False,394.4,153.8,47
1.593665529010239,1,car,1.73,False,False,294.3,137.4,48
1.593665529010239,2,car,2.17,False,False,246.7,158.3,48
1.593665529010239,3,car,2.37,False,False,396.2,154.6,48
1.6268668941979523,1,car,1.6,False,False,294.6,137.4,49
1.6268668941979523,2,car,2.02,False,False,247.4,158.8,49
1.6268668941979523,3,car,2.17,False,False,396.9,155.0,49
1.6600682593856657,1,car,1.63,False,False,295.5,137.4,50
1.6600682593856657,2,car,2.11,False,False,248.6,159.4,50
1.6600682593856657,3,car,2.14,False,False,398.2,155.6,50
1.693269624573379,1,car,1.59,False,False,296.6,137.4,51
1.693269624573379,2,car,2.13,False,False,249.0,160.2,51
1.693269624573379,3,car,2.11,False,False,400.1,155.9,51
1.7264709897610921,1,car,1.3,False,False,296.8,137.3,52
1.7264709897610921,2,car,1.99,False,False,250.1,160.6,52
1.7264709897610921,3,car,1.99,False,False,400.9,156.1,52
1.7596723549488056,1,car,1.36,False,False,297.4,137.1,53
1.7596723549488056,2,car,2.41,False,False,252.5,162.0,53
1.7596723549488056,3,car,2.34,False,False,403.0,156.8,53
1.7928737201365188,1,car,1.13,False,False,297.9,137.0,54
1.7928737201365188,2,car,2.42,False,False,254.4,162.8,54
1.7928737201365188,3,car,2.41,False,False,405.4,157.5,54
1.8260750853242322,1,car,1.03,False,False,298.5,136.8,55
1.8260750853242322,2,car,2.25,False,False,255.2,163.1,55
1.8260750853242322,3,car,2.2,False,False,406.2,158.1,55
1.8592764505119455,1,car,1.14,False,False,299.2,137.0,56
1.8592764505119455,2,car,2.52,False,False,257.4,164.1,56
1.8592764505119455,3,car,2.37,False,False,407.8,158.5,56
1.892477815699659,1,car,1.01,False,False,299.5,137.2,57
1.892477815699659,2,car,2.55,False,False,258.8,164.3,57
1.892477815699659,3,car,2.49,False,False,409.7,158.8,57
1.925679180887372,1,car,0.82,False,False,299.8,137.1,58
1.925679180887372,2,car,2.32,False,False,259.1,164.8,58
1.925679180887372,3,car,2.28,False,False,410.3,159.2,58
1.9588805460750853,1,car,0.77,False,False,300.0,137.0,59
1.9588805460750853,2,car,2.31,False,False,260.3,165.7,59
1.9588805460750853,3,car,2.62,False,False,412.8,159.7,59
1.9920819112627988,1,car,0.67,False,False,300.1,137.3,60
1.9920819112627988,2,car,2.34,False,False,263.4,166.4,60
1.9920819112627988,3,car,2.47,False,False,414.5,160.2,60
2.025283276450512,1,car,0.69,False,False,300.6,137.2,61
2.025283276450512,2,car,2.11,False,False,264.0,167.0,61
2.025283276450512,3,car,2.2,False,False,415.5,160.5,61
2.058484641638225,1,car,0.66,False,False,301.1,137.1,62
2.058484641638225,2,car,2.41,False,False,265.9,167.9,62
2.058484641638225,3,car,2.52,False,False,417.3,161.8,62
2.0916860068259386,1,car,0.5,False,False,301.2,137.1,63
2.0916860068259386,2,car,2.21,False,False,267.1,168.4,63
2.0916860068259386,3,car,2.62,False,False,419.2,162.7,63
2.124887372013652,1,car,0.5,False,False,301.2,137.1,64
2.124887372013652,2,car,2.1,False,False,267.9,168.7,64
2.124887372013652,3,car,2.35,False,False,419.7,163.0,64
2.1580887372013655,1,car,1.28,False,False,304.8,136.7,65
2.1580887372013655,2,car,2.6,False,False,270.5,169.8,65
2.1580887372013655,3,car,2.78,False,False,422.7,163.6,65
2.1912901023890785,1,car,1.58,False,False,306.4,136.7,66
2.1912901023890785,2,car,2.82,False,False,272.5,171.2,66
2.1912901023890785,3,car,2.75,False,False,425.2,164.1,66
2.224491467576792,1,car,1.77,False,False,307.4,136.8,67
2.224491467576792,2,car,2.37,False,False,273.4,172.0,67
2.224491467576792,3,car,2.58,False,False,426.1,164.3,67
2.2576928327645054,1,car,2.05,False,False,308.5,137.4,68
2.2576928327645054,2,car,2.53,False,False,275.1,172.7,68
2.2576928327645054,3,car,2.59,False,False,427.3,165.0,68
2.2908941979522184,1,car,2.23,False,False,309.8,137.7,69
2.2908941979522184,2,car,2.5,False,False,277.3,174.1,69
2.2908941979522184,3,car,2.45,False,False,428.7,166.2,69
2.324095563139932,1,car,2.23,False,False,309.8,137.7,70
2.324095563139932,2,car,2.47,False,False,278.1,174.8,70
2.324095563139932,3,car,2.19,False,False,429.6,166.4,70
2.3572969283276453,1,car,2.23,False,False,309.8,137.7,71
2.3572969283276453,2,car,2.69,False,False,280.0,175.5,71
2.3572969283276453,3,car,2.68,False,False,432.7,167.5,71
2.3904982935153587,1,car,2.23,False,False,309.8,137.7,72
2.3904982935153587,2,car,2.59,False,False,282.2,176.8,72
2.3904982935153587,3,car,2.54,False,False,434.8,168.7,72
2.4236996587030717,1,car,2.23,False,False,309.8,137.7,73
2.4236996587030717,2,car,2.43,False,False,283.1,177.6,73
2.4236996587030717,3,car,2.29,False,False,435.9,169.3,73
2.456901023890785,1,car,2.23,False,False,309.8,137.7,74
2.456901023890785,2,car,2.75,False,False,285.6,179.4,74
2.456901023890785,3,car,2.55,False,False,438.1,169.7,74
2.4901023890784986,1,car,2.23,False,False,309.8,137.7,75
2.4901023890784986,2,car,2.81,False,False,287.4,180.5,75
2.4901023890784986,3,car,2.83,False,False,440.6,170.3,75
2.5233037542662116,1,car,2.23,False,False,309.8,137.7,76
2.5233037542662116,2,car,2.58,False,False,288.6,180.7,76
2.5233037542662116,3,car,2.72,False,False,441.9,170.8,76
2.556505119453925,1,car,2.23,False,False,309.8,137.7,77
2.556505119453925,2,car,2.79,False,False,290.7,182.2,77
2.556505119453925,3,car,3.06,False,False,444.6,171.6,77
2.5897064846416384,1,car,2.23,False,False,309.8,137.7,78
2.5897064846416384,2,car,2.92,False,False,293.4,183.3,78
2.5897064846416384,3,car,2.74,False,False,446.0,172.1,78
2.622907849829352,1,car,2.23,False,False,309.8,137.7,79
2.622907849829352,2,car,2.67,False,False,294.6,183.4,79
2.622907849829352,3,car,2.67,False,False,448.1,172.6,79
2.656109215017065,1,car,2.23,False,False,309.8,137.7,80
2.656109215017065,2,car,2.87,False,False,297.0,185.2,80
2.656109215017065,3,car,2.72,False,False,449.5,173.2,80
2.6893105802047783,1,car,2.23,False,False,309.8,137.7,81
2.6893105802047783,2,car,2.84,False,False,298.6,187.4,81
2.6893105802047783,3,car,2.73,False,False,451.8,173.9,81
2.7225119453924918,1,car,2.23,False,False,309.8,137.7,82
2.7225119453924918,2,car,2.67,False,False,300.0,187.8,82
2.7225119453924918,3,car,2.46,False,False,453.0,174.6,82
2.7557133105802047,1,car,2.23,False,False,309.8,137.7,83
2.7557133105802047,2,car,2.8,False,False,301.6,188.4,83
2.7557133105802047,3,car,2.68,False,False,455.6,175.3,83
2.788914675767918,1,car,2.23,False,False,309.8,137.7,84
2.788914675767918,2,car,2.99,False,False,304.4,190.9,84
2.788914675767918,3,car,2.65,False,False,457.7,176.5,84
2.8221160409556316,1,car,2.23,False,False,309.8,137.7,85
2.8221160409556316,2,car,2.78,False,False,306.0,191.8,85
2.8221160409556316,3,car,2.66,False,False,459.3,176.8,85
2.855317406143345,1,car,2.23,False,False,309.8,137.7,86
2.855317406143345,2,car,3.12,False,False,309.0,193.1,86
2.855317406143345,3,car,2.76,False,False,461.6,178.2,86
2.888518771331058,1,car,2.23,False,False,309.8,137.7,87
2.888518771331058,2,car,3.24,False,False,311.7,194.8,87
2.888518771331058,3,car,3.04,False,False,464.3,179.5,87
2.9217201365187715,1,car,2.23,False,False,309.8,137.7,88
2.9217201365187715,2,car,2.98,False,False,312.8,195.3,88
2.9217201365187715,3,car,2.74,False,False,465.0,179.9,88
2.954921501706485,1,car,2.23,False,False,309.8,137.7,89
2.954921501706485,2,car,3.33,False,False,315.3,197.7,89
2.954921501706485,3,car,2.83,False,False,466.7,180.9,89
2.988122866894198,1,car,2.23,False,False,309.8,137.7,90
2.988122866894198,2,car,3.28,False,False,316.5,199.1,90
2.988122866894198,3,car,2.81,False,False,469.3,182.0,90
2.988122866894198,4,car,0.0,False,False,228.6,152.1,90
3.0213242320819114,1,car,2.23,False,False,309.8,137.7,91
3.0213242320819114,2,car,3.01,False,False,318.7,199.3,91
3.0213242320819114,3,car,2.55,False,False,470.5,182.4,91
3.0213242320819114,4,car,0.0,False,False,229.1,151.6,91
3.054525597269625,1,car,2.23,False,False,309.8,137.7,92
3.054525597269625,2,car,3.3,False,False,321.9,200.7,92
3.054525597269625,3,car,2.74,False,False,473.1,183.1,92
3.054525597269625,4,car,0.0,False,False,229.0,151.4,92
3.0877269624573382,1,car,2.23,False,False,309.8,137.7,93
3.0877269624573382,2,car,3.3,False,False,324.5,203.2,93
3.0877269624573382,3,car,2.69,False,False,475.4,183.7,93
3.0877269624573382,4,car,0.0,False,False,229.3,151.3,93
3.0877269624573382,5,truck,0.0,False,False,329.9,139.0,93
3.1209283276450512,1,car,2.23,False,False,309.8,137.7,94
3.1209283276450512,2,car,3.0,False,False,325.5,204.6,94
3.1209283276450512,3,car,2.29,False,False,476.1,184.6,94
3.1209283276450512,4,car,0.0,False,False,229.6,151.4,94
3.1209283276450512,5,truck,0.0,False,False,329.9,139.0,94
3.1541296928327647,1,car,2.23,False,False,309.8,137.7,95
3.1541296928327647,2,car,3.33,False,False,328.2,206.7,95
3.1541296928327647,3,car,2.7,False,False,478.9,185.5,95
3.1541296928327647,4,car,0.0,False,False,230.2,151.3,95
3.1541296928327647,5,truck,0.0,False,False,329.9,139.0,95
3.187331058020478,1,car,2.23,False,False,309.8,137.7,96
3.187331058020478,2,car,3.23,False,False,331.0,209.4,96
3.187331058020478,3,car,3.02,False,False,482.3,187.1,96
3.187331058020478,4,car,0.0,False,False,231.5,151.6,96
3.187331058020478,5,truck,0.0,False,False,329.9,139.0,96
3.220532423208191,1,car,2.23,False,False,309.8,137.7,97
3.220532423208191,2,car,3.2,False,False,332.3,210.9,97
3.220532423208191,3,car,2.79,False,False,483.5,187.5,97
3.220532423208191,4,car,0.0,False,False,231.5,151.6,97
3.220532423208191,5,car,0.0,False,False,334.3,141.4,97
3.2537337883959045,1,car,2.23,False,False,309.8,137.7,98
3.2537337883959045,2,car,3.34,False,False,335.1,211.7,98
3.2537337883959045,3,car,2.98,False,False,485.3,188.9,98
3.2537337883959045,4,car,0.0,False,False,232.3,151.0,98
3.2537337883959045,5,car,0.0,False,False,335.8,141.1,98
3.286935153583618,1,car,2.23,False,False,309.8,137.7,99
3.286935153583618,2,car,3.49,False,False,338.7,213.1,99
3.286935153583618,3,car,2.92,False,False,487.6,189.7,99
3.286935153583618,4,car,0.0,False,False,232.3,151.0,99
3.286935153583618,5,car,0.0,False,False,335.8,141.1,99
3.3201365187713314,2,car,3.2,False,False,340.0,214.5,100
3.3201365187713314,3,car,2.76,False,False,488.8,190.6,100
3.3201365187713314,4,car,0.0,False,False,232.3,151.0,100
3.3201365187713314,5,car,0.0,False,False,335.8,141.1,100
3.3533378839590444,2,car,3.49,False,False,343.3,216.9,101
3.3533378839590444,3,car,3.04,False,False,491.2,191.7,101
3.3533378839590444,4,car,0.0,False,False,232.3,151.0,101
3.3533378839590444,5,car,0.0,False,False,335.8,141.1,101
3.386539249146758,2,car,3.38,False,False,346.3,218.0,102
3.386539249146758,3,car,3.0,False,False,494.0,193.3,102
3.386539249146758,4,car,0.0,False,False,232.3,151.0,102
3.386539249146758,5,car,0.0,False,False,340.7,143.5,102
3.4197406143344713,2,car,3.3,False,False,348.6,218.9,103
3.4197406143344713,3,car,2.62,False,False,495.6,193.9,103
3.4197406143344713,4,car,0.0,False,False,232.3,151.0,103
3.4197406143344713,5,car,0.0,False,False,341.5,143.5,103
3.4529419795221843,2,car,3.57,False,False,351.8,220.7,104
3.4529419795221843,3,car,2.84,False,False,497.8,195.2,104
3.4529419795221843,4,car,0.0,False,False,232.3,151.0,104
3.4529419795221843,5,car,0.0,False,False,342.6,144.5,104
3.4861433447098977,2,car,3.68,False,False,354.3,224.0,105
3.4861433447098977,3,car,3.04,False,False,500.4,196.8,105
3.4861433447098977,4,car,0.0,False,False,232.3,151.0,105
3.4861433447098977,5,car,0.0,False,False,344.5,144.6,105
3.519344709897611,2,car,3.24,False,False,356.0,224.4,106
3.519344709897611,3,car,2.94,False,False,501.0,198.2,106
3.519344709897611,4,car,1.58,False,False,234.9,148.3,106
3.519344709897611,5,car,0.0,False,False,345.1,144.6,106
3.5525460750853246,2,car,3.73,False,False,360.1,227.4,107
3.5525460750853246,3,car,3.27,False,False,504.5,199.2,107
3.5525460750853246,4,car,1.53,False,False,235.4,148.4,107
3.5525460750853246,5,car,3.01,False,False,346.6,144.6,107
3.5857474402730376,2,car,3.79,False,False,363.8,230.0,108
3.5857474402730376,3,car,3.19,False,False,506.5,200.9,108
3.5857474402730376,4,car,1.57,False,False,235.9,148.3,108
3.5857474402730376,5,car,2.97,False,False,347.8,145.3,108
3.618948805460751,2,car,3.6,False,False,365.1,231.5,109
3.618948805460751,3,car,2.91,False,False,507.8,201.5,109
3.618948805460751,4,car,1.56,False,False,236.1,148.5,109
3.618948805460751,5,car,1.87,False,False,348.4,145.2,109
3.6521501706484645,2,car,4.12,False,False,369.1,234.9,110
3.6521501706484645,3,car,3.1,False,False,510.7,202.4,110
3.6521501706484645,4,car,1.69,False,False,236.6,147.8,110
3.6521501706484645,5,car,1.94,False,False,349.5,145.3,110
3.6853515358361775,2,car,4.13,False,False,372.7,236.8,111
3.6853515358361775,3,car,3.27,False,False,513.9,204.5,111
3.6853515358361775,4,car,1.56,False,False,237.3,147.9,111
3.6853515358361775,5,car,1.88,False,False,350.8,145.6,111
3.718552901023891,2,car,3.82,False,False,374.3,238.4,112
3.718552901023891,3,car,2.86,False,False,515.0,205.8,112
3.718552901023891,4,car,1.56,False,False,237.3,147.9,112
3.718552901023891,5,car,1.8,False,False,352.3,146.0,112
3.7517542662116043,2,car,4.17,False,False,378.3,240.8,113
3.7517542662116043,3,car,3.04,False,False,517.4,207.4,113
3.7517542662116043,4,car,1.52,False,False,237.8,146.4,113
3.7517542662116043,5,car,2.11,False,False,354.3,146.4,113
3.784955631399318,2,car,4.08,False,False,381.9,243.2,114
3.784955631399318,3,car,3.01,False,False,520.3,208.7,114
3.784955631399318,4,car,1.52,False,False,237.8,146.4,114
3.784955631399318,5,car,2.05,False,False,355.6,146.6,114
3.818156996587031,2,car,3.93,False,False,384.8,245.2,115
3.818156996587031,3,car,2.86,False,False,521.6,209.2,115
3.818156996587031,4,car,1.07,False,False,238.2,146.7,115
3.818156996587031,5,car,1.91,False,False,356.4,146.8,115
3.851358361774744,2,car,4.3,False,False,388.1,248.4,116
3.851358361774744,3,car,3.12,False,False,524.3,210.2,116
3.851358361774744,4,car,1.04,False,False,238.7,146.6,116
3.851358361774744,5,car,2.25,False,False,357.9,147.8,116
3.8845597269624577,2,car,4.05,False,False,391.7,251.9,117
3.8845597269624577,3,car,3.29,False,False,528.1,211.9,117
3.8845597269624577,4,car,1.03,False,False,239.0,146.7,117
3.8845597269624577,5,car,2.28,False,False,359.0,148.2,117
3.9177610921501707,2,car,3.91,False,False,393.6,254.0,118
3.9177610921501707,3,car,2.92,False,False,529.0,212.9,118
3.9177610921501707,4,car,1.1,False,False,239.6,146.4,118
3.9177610921501707,5,car,2.24,False,False,360.2,147.9,118
3.950962457337884,2,car,4.27,False,False,398.4,256.3,119
3.950962457337884,3,car,3.19,False,False,531.9,214.0,119
3.950962457337884,4,car,1.04,False,False,240.4,146.2,119
3.950962457337884,5,car,2.35,False,False,362.3,148.7,119
3.9841638225255975,2,car,4.13,False,False,401.1,258.7,120
3.9841638225255975,3,car,3.2,False,False,534.2,216.2,120
3.9841638225255975,4,car,0.96,False,False,240.1,145.5,120
3.9841638225255975,5,car,2.22,False,False,363.6,149.6,120
4.0173651877133105,2,car,3.87,False,False,402.7,260.5,121
4.0173651877133105,3,car,2.95,False,False,535.8,217.3,121
4.0173651877133105,4,car,0.89,False,False,240.6,145.8,121
4.0173651877133105,5,car,2.07,False,False,364.1,149.4,121
4.050566552901024,2,car,4.14,False,False,407.5,264.3,122
4.050566552901024,3,car,3.24,False,False,539.0,218.6,122
4.050566552901024,4,car,1.1,False,False,242.1,145.6,122
4.050566552901024,5,car,2.34,False,False,366.1,150.1,122
4.083767918088737,2,car,4.12,False,False,411.6,267.1,123
4.083767918088737,3,car,3.3,False,False,542.4,219.9,123
4.083767918088737,4,car,1.23,False,False,243.2,145.6,123
4.083767918088737,5,car,2.38,False,False,368.4,150.7,123
4.11696928327645,2,car,3.79,False,False,414.2,268.3,124
4.11696928327645,3,car,2.79,False,False,542.7,220.6,124
4.11696928327645,4,car,1.27,False,False,242.6,145.6,124
4.11696928327645,5,car,2.26,False,False,369.1,151.1,124
4.150170648464164,2,car,4.18,False,False,418.6,271.9,125
4.150170648464164,3,car,3.31,False,False,547.5,222.4,125
4.150170648464164,4,car,1.29,False,False,243.3,145.8,125
4.150170648464164,5,car,2.38,False,False,370.6,151.6,125
4.183372013651877,2,car,4.17,False,False,423.1,274.9,126
4.183372013651877,3,car,3.29,False,False,549.7,224.2,126
4.183372013651877,4,car,1.18,False,False,243.4,146.0,126
4.183372013651877,5,car,2.34,False,False,372.5,152.3,126
4.21657337883959,2,car,4.01,False,False,425.1,276.2,127
4.21657337883959,3,car,3.14,False,False,551.5,226.3,127
4.21657337883959,4,car,1.18,False,False,243.4,146.0,127
4.21657337883959,5,car,2.2,False,False,373.3,152.7,127
4.249774744027304,2,car,4.21,False,False,428.9,280.1,128
4.249774744027304,3,car,3.25,False,False,553.9,227.8,128
4.249774744027304,4,car,2.01,False,False,247.4,145.6,128
4.249774744027304,5,car,2.55,False,False,375.6,153.0,128
4.282976109215017,2,car,4.39,False,False,433.8,284.8,129
4.282976109215017,3,car,3.21,False,False,556.4,230.3,129
4.282976109215017,4,car,1.96,False,False,247.5,145.5,129
4.282976109215017,5,car,2.42,False,False,377.1,154.0,129
4.316177474402731,2,car,4.12,False,False,435.7,287.0,130
4.316177474402731,3,car,3.08,False,False,558.9,231.4,130
4.316177474402731,4,car,1.67,False,False,247.7,145.8,130
4.316177474402731,5,car,2.13,False,False,378.2,154.1,130
4.349378839590444,2,car,4.5,False,False,440.8,290.4,131
4.349378839590444,3,car,3.35,False,False,561.0,233.1,131
4.349378839590444,4,car,1.71,False,False,246.6,145.3,131
4.349378839590444,5,car,2.33,False,False,379.9,154.3,131
4.382580204778157,2,car,4.45,False,False,445.3,294.3,132
4.382580204778157,3,car,3.32,False,False,564.2,236.0,132
4.382580204778157,4,car,1.74,False,False,245.8,145.4,132
4.382580204778157,5,car,2.29,False,False,381.5,154.8,132
4.415781569965871,2,car,4.2,False,False,447.6,296.3,133
4.415781569965871,3,car,3.16,False,False,566.0,237.4,133
4.415781569965871,4,car,1.68,False,False,246.1,145.5,133
4.415781569965871,5,car,2.23,False,False,382.3,155.8,133
4.448982935153584,2,car,4.66,False,False,452.4,300.3,134
4.448982935153584,3,car,3.1,False,False,568.0,238.6,134
4.448982935153584,4,car,1.76,False,False,245.9,145.5,134
4.448982935153584,5,car,2.61,False,False,385.0,156.5,134
4.482184300341297,2,car,4.93,False,False,458.0,304.4,135
4.482184300341297,3,car,3.3,False,False,572.4,240.3,135
4.482184300341297,4,car,0.99,False,False,246.6,145.4,135
4.482184300341297,5,car,2.61,False,False,387.1,157.0,135
4.515385665529011,2,car,4.17,False,False,459.9,306.2,136
4.515385665529011,3,car,3.0,False,False,573.8,241.7,136
4.515385665529011,4,car,1.11,False,False,247.5,145.4,136
4.515385665529011,5,car,2.46,False,False,388.2,157.8,136
4.515385665529011,6,car,0.0,False,False,137.2,148.1,136
4.548587030716724,2,car,4.6,False,False,464.8,310.8,137
4.548587030716724,3,car,3.27,False,False,577.5,244.2,137
4.548587030716724,4,car,1.15,False,False,247.1,144.9,137
4.548587030716724,5,car,2.62,False,False,390.1,157.8,137
4.548587030716724,6,car,0.0,False,False,137.2,147.6,137
4.581788395904437,2,car,4.6,False,False,469.7,315.3,138
4.581788395904437,3,car,3.53,False,False,580.5,246.9,138
4.581788395904437,4,car,0.91,False,False,247.0,144.9,138
4.581788395904437,5,car,2.66,False,False,392.1,158.4,138
4.581788395904437,6,car,0.0,False,False,137.2,147.1,138
4.614989761092151,2,car,4.29,False,False,472.4,317.1,139
4.614989761092151,3,car,3.08,False,False,581.5,248.6,139
4.614989761092151,4,car,1.02,False,False,248.3,145.1,139
4.614989761092151,5,car,2.56,False,False,392.9,158.9,139
4.614989761092151,6,car,0.0,False,False,136.9,147.2,139
4.648191126279864,2,car,4.77,False,False,477.9,322.4,140
4.648191126279864,3,car,3.41,False,False,584.6,251.4,140
4.648191126279864,4,car,1.02,False,False,248.3,145.1,140
4.648191126279864,5,car,2.75,False,False,395.2,159.7,140
4.648191126279864,6,car,0.0,False,False,138.3,146.6,140
4.681392491467577,2,car,4.91,False,False,483.3,327.4,141
4.681392491467577,3,car,3.75,False,False,588.8,254.9,141
4.681392491467577,4,car,1.87,False,False,252.3,143.9,141
4.681392491467577,5,car,2.64,False,False,396.9,161.1,141
4.681392491467577,6,car,0.0,False,False,138.4,146.4,141
4.7145938566552905,2,car,4.54,False,False,485.3,330.4,142
4.7145938566552905,3,car,3.39,False,False,590.2,255.7,142
4.7145938566552905,4,car,1.84,False,False,252.2,144.4,142
4.7145938566552905,5,car,2.39,False,False,397.8,161.6,142
4.7145938566552905,6,car,0.0,False,False,138.3,146.4,142
4.7477952218430035,2,car,5.13,False,False,491.5,334.5,143
4.7477952218430035,3,car,3.84,False,False,593.3,259.2,143
4.7477952218430035,4,car,2.26,False,False,254.8,144.1,143
4.7477952218430035,5,car,2.62,False,False,400.2,162.0,143
4.7477952218430035,6,car,0.0,False,False,138.6,146.3,143
4.780996587030717,2,car,5.04,False,False,496.3,339.1,144
4.780996587030717,3,car,3.65,False,False,597.5,260.0,144
4.780996587030717,4,car,2.2,False,False,255.7,144.1,144
4.780996587030717,5,car,2.56,False,False,402.2,162.2,144
4.780996587030717,6,car,0.76,False,False,139.1,146.2,144
4.81419795221843,2,car,4.66,False,False,498.9,341.2,145
4.81419795221843,3,car,3.23,False,False,598.8,261.0,145
4.81419795221843,4,car,2.2,False,False,255.7,144.1,145
4.81419795221843,5,car,2.46,False,False,403.6,162.7,145
4.81419795221843,6,car,0.69,False,False,139.3,146.2,145
4.847399317406143,2,car,5.08,False,False,503.9,346.3,146
4.847399317406143,3,car,3.44,False,False,602.5,262.2,146
4.847399317406143,4,car,2.2,False,False,255.7,144.1,146
4.847399317406143,5,car,2.71,False,False,406.0,163.7,146
4.847399317406143,6,car,0.77,False,False,140.0,146.1,146
4.880600682593857,2,car,5.15,False,False,510.4,351.5,147
4.880600682593857,3,car,3.33,False,False,605.7,265.1,147
4.880600682593857,4,car,2.41,False,False,257.1,144.3,147
4.880600682593857,5,car,2.59,False,False,408.1,164.9,147
4.880600682593857,6,car,0.53,False,False,140.3,145.7,147
4.91380204778157,2,car,4.68,False,False,511.5,354.3,148
4.91380204778157,3,car,2.98,False,False,607.6,266.3,148
4.91380204778157,4,car,2.51,False,False,257.7,144.1,148
4.91380204778157,5,car,2.33,False,False,408.9,165.3,148
4.91380204778157,6,car,0.66,False,False,140.9,145.6,148
4.947003412969283,2,car,5.13,False,False,517.7,358.9,149
4.947003412969283,3,car,3.26,False,False,610.8,268.9,149
4.947003412969283,4,car,2.57,False,False,259.3,144.0,149
4.947003412969283,5,car,2.58,False,False,411.2,165.8,149
4.947003412969283,6,car,0.84,False,False,141.9,145.5,149
4.980204778156997,2,car,5.14,False,False,523.7,363.0,150
4.980204778156997,3,car,3.02,False,False,614.6,270.7,150
4.980204778156997,4,car,1.88,False,False,258.2,143.4,150
4.980204778156997,5,car,2.54,False,False,413.3,166.7,150
4.980204778156997,6,car,0.89,False,False,141.8,145.6,150
5.01340614334471,2,car,4.93,False,False,526.4,366.4,151
5.01340614334471,3,car,2.97,False,False,616.5,272.5,151
5.01340614334471,4,car,2.31,False,False,260.8,143.5,151
5.01340614334471,5,car,2.56,False,False,415.2,167.6,151
5.01340614334471,6,car,0.88,False,False,142.3,145.6,151
5.046607508532423,2,car,5.8,False,False,532.2,372.5,152
5.046607508532423,3,car,3.53,False,False,620.1,275.6,152
5.046607508532423,4,car,2.45,False,False,260.8,143.5,152
5.046607508532423,5,car,2.81,False,False,416.9,168.4,152
5.046607508532423,6,car,0.97,False,False,142.7,145.3,152
5.079808873720137,2,car,5.98,False,False,537.7,378.6,153
5.079808873720137,3,car,3.72,False,False,624.7,278.7,153
5.079808873720137,4,car,2.45,False,False,260.8,143.5,153
5.079808873720137,5,car,2.74,False,False,419.1,169.3,153
5.079808873720137,6,car,1.13,False,False,143.8,144.4,153
5.11301023890785,2,car,5.51,False,False,541.0,381.2,154
5.11301023890785,3,car,3.45,False,False,626.6,279.8,154
5.11301023890785,4,car,2.45,False,False,260.8,143.5,154
5.11301023890785,5,car,2.6,False,False,420.2,170.0,154
5.11301023890785,6,car,1.1,False,False,144.0,144.4,154
5.146211604095563,2,car,6.06,False,False,546.6,386.2,155
5.146211604095563,3,car,3.77,False,False,630.9,282.9,155
5.146211604095563,4,car,2.45,False,False,260.8,143.5,155
5.146211604095563,5,car,2.74,False,False,421.8,170.8,155
5.146211604095563,6,car,1.1,False,False,144.0,144.4,155
5.179412969283277,2,car,6.06,False,False,546.6,386.2,156
5.179412969283277,3,car,4.07,False,False,635.9,286.0,156
5.179412969283277,4,car,2.92,False,False,265.3,141.7,156
5.179412969283277,5,car,2.93,False,False,425.3,171.2,156
5.179412969283277,6,car,1.1,False,False,144.0,144.4,156
5.21261433447099,2,car,6.69,False,False,556.4,395.6,157
5.21261433447099,3,car,3.74,False,False,636.4,287.7,157
5.21261433447099,4,car,2.76,False,False,265.5,141.7,157
5.21261433447099,5,car,2.72,False,False,426.5,171.5,157
5.21261433447099,6,car,1.1,False,False,144.0,144.4,157
5.245815699658704,2,car,6.83,False,False,561.9,401.8,158
5.245815699658704,3,car,3.76,False,False,639.5,290.9,158
5.245815699658704,4,car,2.57,False,False,265.8,142.1,158
5.245815699658704,5,car,2.65,False,False,428.2,172.0,158
5.245815699658704,6,car,1.1,False,False,144.0,144.4,158
5.279017064846417,2,car,7.23,False,False,567.9,407.3,159
5.279017064846417,3,car,3.96,False,False,645.2,294.4,159
5.279017064846417,4,car,2.57,False,False,265.8,142.1,159
5.279017064846417,5,car,2.8,False,False,430.7,173.0,159
5.279017064846417,6,car,1.1,False,False,144.0,144.4,159
5.31221843003413,2,car,6.75,False,False,570.5,410.0,160
5.31221843003413,3,car,3.63,False,False,647.0,296.2,160
5.31221843003413,4,car,2.57,False,False,265.8,142.1,160
5.31221843003413,5,car,2.55,False,False,431.6,173.7,160
5.31221843003413,6,car,1.1,False,False,144.0,144.4,160
5.345419795221844,2,car,6.62,False,False,577.3,415.0,161
5.345419795221844,3,car,3.91,False,False,649.9,298.8,161
5.345419795221844,4,car,2.58,False,False,265.8,142.1,161
5.345419795221844,5,car,2.85,False,False,434.5,174.2,161
5.345419795221844,6,car,1.1,False,False,144.0,144.4,161
5.378621160409557,2,car,6.86,False,False,583.5,418.2,162
5.378621160409557,3,car,4.15,False,False,655.4,303.0,162
5.378621160409557,4,car,2.58,False,False,265.8,142.1,162
5.378621160409557,5,car,2.88,False,False,436.3,175.1,162
5.378621160409557,6,car,1.1,False,False,144.0,144.4,162
5.41182252559727,2,car,6.86,False,False,583.5,418.2,163
5.41182252559727,3,car,3.54,False,False,657.1,304.4,163
5.41182252559727,4,car,2.58,False,False,265.8,142.1,163
5.41182252559727,5,car,2.56,False,False,437.7,175.8,163
5.41182252559727,6,car,1.1,False,False,144.0,144.4,163
5.4450238907849835,2,car,6.86,False,False,583.5,418.2,164
5.4450238907849835,3,car,3.95,False,False,660.0,307.9,164
5.4450238907849835,4,car,2.58,False,False,265.8,142.1,164
5.4450238907849835,5,car,2.88,False,False,440.6,176.6,164
5.4450238907849835,6,car,1.1,False,False,144.0,144.4,164
5.4782252559726965,2,car,7.68,False,False,598.5,425.5,165
5.4782252559726965,3,car,4.11,False,False,664.2,311.5,165
5.4782252559726965,4,car,2.58,False,False,265.8,142.1,165
5.4782252559726965,5,car,3.1,False,False,443.3,178.1,165
5.4782252559726965,6,car,1.1,False,False,144.0,144.4,165
5.5114266211604095,2,car,6.56,False,False,602.5,426.6,166
5.5114266211604095,3,car,3.82,False,False,668.0,313.7,166
5.5114266211604095,4,car,2.58,False,False,265.8,142.1,166
5.5114266211604095,5,car,2.83,False,False,444.7,178.6,166
5.5114266211604095,6,car,1.1,False,False,144.0,144.4,166
5.544627986348123,2,car,6.06,False,False,607.4,429.6,167
5.544627986348123,3,car,3.99,False,False,671.2,316.7,167
5.544627986348123,4,car,2.58,False,False,265.8,142.1,167
5.544627986348123,5,car,3.07,False,False,446.9,179.7,167
5.544627986348123,6,car,1.1,False,False,144.0,144.4,167
5.577829351535836,2,car,5.64,False,False,612.7,433.7,168
5.577829351535836,3,car,4.26,False,False,675.9,320.7,168
5.577829351535836,4,car,2.58,False,False,265.8,142.1,168
5.577829351535836,5,car,2.97,False,False,449.3,180.6,168
5.577829351535836,6,car,1.1,False,False,144.0,144.4,168
5.611030716723549,2,car,5.23,False,False,616.1,435.3,169
5.611030716723549,3,car,3.59,False,False,678.8,322.4,169
5.611030716723549,4,car,2.42,False,False,265.8,142.1,169
5.611030716723549,5,car,2.68,False,False,450.6,181.1,169
5.611030716723549,6,car,1.04,False,False,144.0,144.4,169
5.644232081911263,2,car,5.14,False,False,623.1,438.5,170
5.644232081911263,3,car,4.09,False,False,683.1,326.8,170
5.644232081911263,4,car,2.42,False,False,265.8,142.1,170
5.644232081911263,5,car,2.77,False,False,452.7,182.0,170
5.644232081911263,6,car,1.04,False,False,144.0,144.4,170
5.677433447098976,2,car,5.11,False,False,629.1,442.0,171
5.677433447098976,3,car,4.13,False,False,686.5,330.3,171
5.677433447098976,4,car,2.42,False,False,265.8,142.1,171
5.677433447098976,5,car,2.82,False,False,455.8,183.1,171
5.677433447098976,6,car,1.04,False,False,144.0,144.4,171
5.71063481228669,2,car,3.94,False,False,633.6,443.8,172
5.71063481228669,3,car,3.86,False,False,689.2,332.5,172
5.71063481228669,4,car,2.42,False,False,265.8,142.1,172
5.71063481228669,5,car,2.52,False,False,457.0,183.6,172
5.71063481228669,6,car,1.04,False,False,144.0,144.4,172
5.743836177474403,2,car,4.25,False,False,640.3,446.0,173
5.743836177474403,3,car,4.06,False,False,694.2,336.4,173
5.743836177474403,4,car,2.42,False,False,265.8,142.1,173
5.743836177474403,5,car,2.78,False,False,460.1,185.1,173
5.743836177474403,6,car,1.04,False,False,144.0,144.4,173
5.777037542662116,2,car,4.69,False,False,649.1,449.6,174
5.777037542662116,3,car,4.26,False,False,698.2,340.3,174
5.777037542662116,4,car,2.42,False,False,265.8,142.1,174
5.777037542662116,5,car,2.99,False,False,463.5,185.9,174
5.777037542662116,6,car,1.04,False,False,144.0,144.4,174
5.81023890784983,2,car,5.26,False,False,659.4,451.6,175
5.81023890784983,3,car,3.73,False,False,699.9,341.4,175
5.81023890784983,4,car,2.42,False,False,265.8,142.1,175
5.81023890784983,5,car,2.77,False,False,464.7,186.4,175
5.81023890784983,6,car,1.04,False,False,144.0,144.4,175
5.843440273037543,2,car,5.0,False,False,658.7,455.7,176
5.843440273037543,3,car,4.2,False,False,705.7,346.0,176
5.843440273037543,4,car,2.42,False,False,265.8,142.1,176
5.843440273037543,5,car,3.04,False,False,467.4,188.2,176
5.843440273037543,6,car,1.04,False,False,144.0,144.4,176
5.876641638225256,2,car,4.79,False,False,664.9,458.5,177
5.876641638225256,3,car,4.07,False,False,710.0,350.6,177
5.876641638225256,4,car,5.38,False,False,280.9,140.4,177
5.876641638225256,5,car,2.95,False,False,469.6,189.1,177
5.876641638225256,6,car,1.01,False,False,144.0,144.4,177
5.90984300341297,2,car,4.58,False,False,669.0,460.3,178
5.90984300341297,3,car,3.91,False,False,712.5,352.7,178
5.90984300341297,4,car,5.38,False,False,280.9,140.4,178
5.90984300341297,5,car,2.69,False,False,471.4,189.9,178
5.90984300341297,6,car,1.01,False,False,144.0,144.4,178
5.943044368600683,2,car,4.83,False,False,675.8,464.2,179
5.943044368600683,3,car,4.27,False,False,717.7,356.6,179
5.943044368600683,4,car,5.38,False,False,280.9,140.4,179
5.943044368600683,5,car,2.96,False,False,473.8,191.3,179
5.943044368600683,6,car,1.01,False,False,144.0,144.4,179
5.976245733788396,2,car,4.83,False,False,675.8,464.2,180
5.976245733788396,3,car,4.23,False,False,722.1,360.9,180
5.976245733788396,4,car,5.47,False,False,282.9,140.3,180
5.976245733788396,5,car,2.96,False,False,476.6,192.6,180
5.976245733788396,6,car,1.01,False,False,144.0,144.4,180
6.00944709897611,2,car,4.83,False,False,675.8,464.2,181
6.00944709897611,3,car,4.03,False,False,724.8,363.1,181
6.00944709897611,4,car,5.32,False,False,283.1,140.3,181
6.00944709897611,5,car,2.7,False,False,478.4,193.4,181
6.00944709897611,6,car,1.01,False,False,144.0,144.4,181
6.042648464163823,2,car,4.83,False,False,675.8,464.2,182
6.042648464163823,3,car,4.47,False,False,728.9,367.3,182
6.042648464163823,4,car,5.32,False,False,283.1,140.3,182
6.042648464163823,5,car,3.03,False,False,481.5,194.9,182
6.042648464163823,6,car,1.01,False,False,144.0,144.4,182
6.075849829351536,2,car,4.83,False,False,675.8,464.2,183
6.075849829351536,3,car,4.38,False,False,734.1,371.7,183
6.075849829351536,4,car,5.32,False,False,283.1,140.3,183
6.075849829351536,5,car,3.19,False,False,484.8,197.2,183
6.075849829351536,6,car,1.01,False,False,144.0,144.4,183
6.10905119453925,2,car,4.83,False,False,675.8,464.2,184
6.10905119453925,3,car,3.98,False,False,735.9,373.6,184
6.10905119453925,4,car,5.32,False,False,283.1,140.3,184
6.10905119453925,5,car,3.06,False,False,486.2,198.1,184
6.10905119453925,6,car,1.01,False,False,144.0,144.4,184
6.142252559726963,2,car,4.83,False,False,675.8,464.2,185
6.142252559726963,3,car,4.39,False,False,740.9,378.2,185
6.142252559726963,4,car,5.32,False,False,283.1,140.3,185
6.142252559726963,5,car,3.19,False,False,488.9,198.8,185
6.1754539249146765,2,car,5.27,False,False,675.8,464.2,186
6.1754539249146765,3,car,4.65,False,False,745.2,382.4,186
6.1754539249146765,4,car,5.8,False,False,283.1,140.3,186
6.1754539249146765,5,car,3.52,False,False,492.2,199.8,186
6.2086552901023895,2,car,5.27,False,False,675.8,464.2,187
6.2086552901023895,3,car,4.35,False,False,747.5,385.0,187
6.2086552901023895,4,car,5.8,False,False,283.1,140.3,187
6.2086552901023895,5,car,3.31,False,False,494.1,200.4,187
6.2418566552901025,2,car,5.27,False,False,675.8,464.2,188
6.2418566552901025,3,car,5.03,False,False,754.2,390.0,188
6.2418566552901025,4,car,5.8,False,False,283.1,140.3,188
6.2418566552901025,5,car,3.39,False,False,496.0,202.3,188
6.275058020477816,2,car,5.27,False,False,675.8,464.2,189
6.275058020477816,3,car,5.07,False,False,757.8,395.1,189
6.275058020477816,4,car,5.8,False,False,283.1,140.3,189
6.275058020477816,5,car,3.44,False,False,499.6,204.6,189
6.308259385665529,2,car,5.27,False,False,675.8,464.2,190
6.308259385665529,3,car,4.7,False,False,760.7,397.4,190
6.308259385665529,4,car,5.8,False,False,283.1,140.3,190
6.308259385665529,5,car,3.07,False,False,501.5,205.3,190
6.341460750853242,2,car,5.27,False,False,675.8,464.2,191
6.341460750853242,3,car,5.52,False,False,767.4,402.9,191
6.341460750853242,4,car,5.8,False,False,283.1,140.3,191
6.341460750853242,5,car,3.44,False,False,504.8,207.6,191
6.374662116040956,2,car,5.27,False,False,675.8,464.2,192
6.374662116040956,3,car,5.27,False,False,770.0,407.4,192
6.374662116040956,4,car,5.8,False,False,283.1,140.3,192
6.374662116040956,5,car,3.55,False,False,507.9,209.2,192
6.407863481228669,2,car,5.27,False,False,675.8,464.2,193
6.407863481228669,3,car,4.87,False,False,771.6,408.9,193
6.407863481228669,4,car,5.8,False,False,283.1,140.3,193
6.407863481228669,5,car,3.28,False,False,509.6,209.8,193
6.441064846416382,2,car,5.27,False,False,675.8,464.2,194
6.441064846416382,3,car,5.09,False,False,774.5,413.4,194
6.441064846416382,4,car,5.8,False,False,283.1,140.3,194
6.441064846416382,5,car,3.58,False,False,513.4,210.7,194
6.441064846416382,7,car,0.0,False,False,248.3,145.2,194
6.474266211604096,2,car,5.29,False,False,675.8,464.2,195
6.474266211604096,3,car,4.19,False,False,776.2,416.9,195
6.474266211604096,4,car,5.83,False,False,283.1,140.3,195
6.474266211604096,5,car,3.64,False,False,516.2,212.6,195
6.474266211604096,7,car,0.0,False,False,248.8,145.3,195
6.507467576791809,2,car,5.29,False,False,675.8,464.2,196
6.507467576791809,3,car,3.59,False,False,777.6,417.9,196
6.507467576791809,4,car,5.83,False,False,283.1,140.3,196
6.507467576791809,5,car,3.39,False,False,518.4,213.4,196
6.507467576791809,7,car,0.0,False,False,249.4,145.5,196
6.540668941979522,2,car,5.29,False,False,675.8,464.2,197
6.540668941979522,3,car,3.42,False,False,780.0,419.8,197
6.540668941979522,4,car,5.83,False,False,283.1,140.3,197
6.540668941979522,5,car,3.69,False,False,522.0,215.3,197
6.540668941979522,7,car,0.0,False,False,250.8,145.5,197
6.573870307167236,2,car,5.29,False,False,675.8,464.2,198
6.573870307167236,3,car,2.55,False,False,782.2,422.8,198
6.573870307167236,4,car,5.83,False,False,283.1,140.3,198
6.573870307167236,5,car,3.58,False,False,524.9,217.1,198
6.573870307167236,7,car,0.0,False,False,251.3,146.4,198
6.607071672354949,2,car,5.29,False,False,675.8,464.2,199
6.607071672354949,3,car,2.08,False,False,783.5,424.1,199
6.607071672354949,4,car,5.83,False,False,283.1,140.3,199
6.607071672354949,5,car,3.27,False,False,526.3,218.4,199
6.607071672354949,7,car,0.0,False,False,251.8,145.9,199
6.640273037542663,2,car,5.29,False,False,675.8,464.2,200
6.640273037542663,3,car,2.0,False,False,784.9,426.1,200
6.640273037542663,4,car,8.54,False,False,297.6,139.5,200
6.640273037542663,5,car,3.68,False,False,530.7,219.6,200
6.640273037542663,7,car,0.0,False,False,252.1,145.5,200
6.673474402730376,2,car,5.29,False,False,675.8,464.2,201
6.673474402730376,3,car,1.65,False,False,787.3,428.7,201
6.673474402730376,4,car,7.7,False,False,298.5,139.7,201
6.673474402730376,5,car,3.6,False,False,534.0,222.0,201
6.673474402730376,7,car,0.0,False,False,252.8,145.4,201
6.706675767918089,2,car,5.29,False,False,675.8,464.2,202
6.706675767918089,3,car,1.52,False,False,788.3,430.2,202
6.706675767918089,4,car,7.77,False,False,298.9,139.6,202
6.706675767918089,5,car,3.42,False,False,535.6,222.6,202
6.706675767918089,7,car,0.96,False,False,252.9,145.3,202
6.739877133105803,2,car,5.29,False,False,675.8,464.2,203
6.739877133105803,3,car,1.63,False,False,790.7,433.2,203
6.739877133105803,4,car,7.88,False,False,300.0,139.5,203
6.739877133105803,5,car,3.6,False,False,539.0,224.2,203
6.739877133105803,7,car,0.98,False,False,253.6,145.1,203
6.773078498293516,2,car,5.28,False,False,675.8,464.2,204
6.773078498293516,3,car,1.7,False,False,793.7,435.9,204
6.773078498293516,4,car,7.86,False,False,300.0,139.5,204
6.773078498293516,5,car,3.55,False,False,542.1,227.0,204
6.773078498293516,7,car,0.98,False,False,253.6,145.1,204
6.806279863481229,2,car,5.28,False,False,675.8,464.2,205
6.806279863481229,3,car,1.65,False,False,795.5,437.4,205
6.806279863481229,4,car,7.86,False,False,300.0,139.5,205
6.806279863481229,5,car,3.37,False,False,544.4,228.1,205
6.806279863481229,7,car,0.98,False,False,253.6,145.1,205
6.839481228668943,2,car,5.28,False,False,675.8,464.2,206
6.839481228668943,3,car,1.67,False,False,797.1,440.4,206
6.839481228668943,4,car,5.0,False,False,302.5,139.5,206
6.839481228668943,5,car,3.74,False,False,547.9,229.8,206
6.839481228668943,7,car,0.98,False,False,253.6,145.1,206
6.872682593856656,2,car,5.28,False,False,675.8,464.2,207
6.872682593856656,3,car,1.71,False,False,799.2,443.1,207
6.872682593856656,4,car,5.0,False,False,302.5,139.5,207
6.872682593856656,5,car,3.81,False,False,552.0,232.7,207
6.872682593856656,7,car,0.98,False,False,253.6,145.1,207
6.905883959044369,2,car,5.28,False,False,675.8,464.2,208
6.905883959044369,3,car,1.6,False,False,800.6,444.5,208
6.905883959044369,4,car,5.0,False,False,302.5,139.5,208
6.905883959044369,5,car,3.59,False,False,554.1,233.9,208
6.905883959044369,7,car,0.98,False,False,253.6,145.1,208
6.9390853242320825,2,car,5.28,False,False,675.8,464.2,209
6.9390853242320825,3,car,1.75,False,False,802.9,447.5,209
6.9390853242320825,4,car,5.17,False,False,305.2,139.7,209
6.9390853242320825,5,car,3.81,False,False,556.9,236.4,209
6.9390853242320825,7,car,0.98,False,False,253.6,145.1,209
6.9722866894197955,3,car,1.75,False,False,802.9,447.5,210
6.9722866894197955,4,car,5.17,False,False,305.2,139.7,210
6.9722866894197955,5,car,3.93,False,False,561.4,238.3,210
6.9722866894197955,7,car,0.98,False,False,253.6,145.1,210
7.0054880546075085,3,car,1.75,False,False,802.9,447.5,211
7.0054880546075085,4,car,5.17,False,False,305.2,139.7,211
7.0054880546075085,5,car,3.61,False,False,563.2,239.2,211
7.0054880546075085,7,car,0.98,False,False,253.6,145.1,211
7.038689419795222,3,car,2.61,False,False,814.7,455.1,212
7.038689419795222,4,car,4.7,False,False,305.2,139.7,212
7.038689419795222,5,car,3.51,False,False,566.4,241.9,212
7.038689419795222,7,car,1.63,False,False,258.6,145.6,212
7.071890784982935,3,car,2.61,False,False,814.7,455.1,213
7.071890784982935,4,car,4.7,False,False,305.2,139.7,213
7.071890784982935,5,car,3.47,False,False,569.9,244.2,213
7.071890784982935,7,car,1.63,False,False,258.6,145.6,213
7.105092150170649,3,car,3.46,False,False,825.6,459.6,214
7.105092150170649,4,car,5.81,False,False,310.9,139.2,214
7.105092150170649,5,car,3.18,False,False,572.5,245.5,214
7.105092150170649,7,car,3.16,False,False,266.6,142.2,214
7.138293515358362,3,car,3.46,False,False,825.6,459.6,215
7.138293515358362,4,car,5.81,False,False,310.9,139.2,215
7.138293515358362,5,car,3.39,False,False,575.8,248.0,215
7.138293515358362,7,car,3.16,False,False,266.6,142.2,215
7.171494880546075,3,car,3.46,False,False,825.6,459.6,216
7.171494880546075,4,car,3.2,False,False,312.8,139.6,216
7.171494880546075,5,car,3.54,False,False,580.1,250.4,216
7.171494880546075,7,car,3.16,False,False,266.6,142.2,216
7.204696245733789,3,car,3.46,False,False,825.6,459.6,217
7.204696245733789,4,car,3.22,False,False,313.8,139.5,217
7.204696245733789,5,car,3.19,False,False,581.9,251.8,217
7.204696245733789,7,car,3.53,False,False,268.8,142.2,217
7.237897610921502,3,car,3.46,False,False,825.6,459.6,218
7.237897610921502,4,car,3.27,False,False,314.6,139.3,218
7.237897610921502,5,car,3.46,False,False,585.3,254.4,218
7.237897610921502,7,car,3.57,False,False,269.4,142.2,218
7.271098976109215,3,car,3.46,False,False,825.6,459.6,219
7.271098976109215,4,car,3.4,False,False,316.3,139.5,219
7.271098976109215,5,car,3.53,False,False,589.8,256.8,219
7.271098976109215,7,car,3.76,False,False,271.0,142.6,219
7.304300341296929,3,car,3.46,False,False,825.6,459.6,220
7.304300341296929,4,car,2.92,False,False,316.3,139.5,220
7.304300341296929,5,car,3.2,False,False,591.3,258.0,220
7.304300341296929,7,car,3.78,False,False,270.8,142.3,220
7.337501706484642,3,car,3.81,False,False,825.6,459.6,221
7.337501706484642,4,car,3.22,False,False,316.3,139.5,221
7.337501706484642,5,car,3.8,False,False,596.0,260.2,221
7.337501706484642,7,car,4.79,False,False,267.5,141.5,221
7.337501706484642,8,car,0.0,False,False,141.7,141.3,221
7.370703071672355,3,car,3.81,False,False,825.6,459.6,222
7.370703071672355,4,car,2.83,False,False,316.3,140.1,222
7.370703071672355,5,car,3.83,False,False,599.6,263.3,222
7.370703071672355,7,car,3.75,False,False,267.4,141.4,222
7.370703071672355,8,car,0.0,False,False,142.3,141.6,222
7.403904436860069,3,car,3.81,False,False,825.6,459.6,223
7.403904436860069,4,car,1.64,False,False,316.7,139.9,223
7.403904436860069,5,car,3.53,False,False,602.5,264.3,223
7.403904436860069,7,car,1.98,False,False,267.6,141.2,223
7.403904436860069,8,car,0.0,False,False,143.2,141.5,223
7.437105802047782,3,car,3.81,False,False,825.6,459.6,224
7.437105802047782,4,car,1.44,False,False,317.7,139.3,224
7.437105802047782,5,car,3.83,False,False,606.1,266.8,224
7.437105802047782,7,car,1.72,False,False,268.4,140.6,224
7.437105802047782,8,car,0.0,False,False,143.0,141.1,224
7.470307167235495,3,car,3.81,False,False,825.6,459.6,225
7.470307167235495,4,car,1.47,False,False,318.7,139.8,225
7.470307167235495,5,car,3.97,False,False,610.4,269.9,225
7.470307167235495,7,car,1.94,False,False,269.9,140.9,225
7.470307167235495,8,car,0.0,False,False,143.0,141.1,225
7.503508532423209,3,car,3.81,False,False,825.6,459.6,226
7.503508532423209,4,car,1.34,False,False,319.0,139.9,226
7.503508532423209,5,car,3.64,False,False,612.2,271.4,226
7.503508532423209,7,car,1.63,False,False,270.0,140.8,226
7.503508532423209,8,car,0.0,False,False,143.0,141.1,226
7.536709897610922,3,car,3.81,False,False,825.6,459.6,227
7.536709897610922,4,car,1.05,False,False,319.4,139.9,227
7.536709897610922,5,car,3.97,False,False,615.4,274.2,227
7.536709897610922,7,car,1.77,False,False,270.7,140.2,227
7.536709897610922,8,car,0.0,False,False,143.0,141.1,227
7.569911262798636,3,car,3.81,False,False,825.6,459.6,228
7.569911262798636,4,car,1.28,False,False,320.6,139.7,228
7.569911262798636,5,car,3.97,False,False,615.4,274.2,228
7.569911262798636,7,car,1.23,False,False,271.6,140.5,228
7.569911262798636,8,car,0.0,False,False,144.0,141.3,228
7.603112627986349,3,car,3.79,False,False,825.6,459.6,229
7.603112627986349,4,car,1.12,False,False,320.9,139.9,229
7.603112627986349,5,car,4.18,False,False,621.2,279.2,229
7.603112627986349,7,car,1.27,False,False,271.8,140.9,229
7.603112627986349,8,car,0.0,False,False,144.2,141.2,229
7.636313993174062,3,car,3.79,False,False,825.6,459.6,230
7.636313993174062,4,car,1.43,False,False,322.6,139.6,230
7.636313993174062,5,car,4.31,False,False,626.4,282.5,230
7.636313993174062,7,car,1.54,False,False,273.2,140.9,230
7.636313993174062,8,car,0.0,False,False,144.5,140.8,230
7.6695153583617754,3,car,3.79,False,False,825.6,459.6,231
7.6695153583617754,4,car,1.51,False,False,323.5,140.1,231
7.6695153583617754,5,car,4.62,False,False,631.0,285.8,231
7.6695153583617754,7,car,1.43,False,False,272.8,140.5,231
7.6695153583617754,8,car,0.0,False,False,144.7,140.7,231
7.702716723549488,3,car,3.79,False,False,825.6,459.6,232
7.702716723549488,4,car,1.37,False,False,323.9,139.7,232
7.702716723549488,5,car,4.4,False,False,633.1,287.5,232
7.702716723549488,7,car,1.17,False,False,272.9,140.3,232
7.702716723549488,8,car,0.84,False,False,144.8,140.5,232
7.735918088737201,3,car,3.79,False,False,825.6,459.6,233
7.735918088737201,4,car,1.52,False,False,324.8,140.1,233
7.735918088737201,5,car,4.36,False,False,637.6,290.9,233
7.735918088737201,7,car,1.38,False,False,273.7,140.0,233
7.735918088737201,8,car,0.66,False,False,145.0,140.5,233
7.769119453924915,3,car,3.79,False,False,825.6,459.6,234
7.769119453924915,4,car,1.75,False,False,326.3,140.1,234
7.769119453924915,5,car,4.56,False,False,640.7,294.1,234
7.769119453924915,7,car,1.57,False,False,275.3,140.1,234
7.769119453924915,8,car,0.66,False,False,145.0,140.5,234
7.802320819112628,3,car,3.79,False,False,825.6,459.6,235
7.802320819112628,4,car,1.66,False,False,327.1,140.1,235
7.802320819112628,5,car,4.35,False,False,642.7,295.9,235
7.802320819112628,7,car,1.41,False,False,275.4,140.2,235
7.802320819112628,8,car,0.66,False,False,145.0,140.5,235
7.835522184300341,3,car,3.79,False,False,825.6,459.6,236
7.835522184300341,4,car,1.9,False,False,328.7,139.9,236
7.835522184300341,5,car,4.18,False,False,648.0,299.0,236
7.835522184300341,7,car,1.43,False,False,276.2,140.3,236
7.835522184300341,8,car,0.66,False,False,145.0,140.5,236
7.868723549488055,3,car,3.79,False,False,825.6,459.6,237
7.868723549488055,4,car,1.77,False,False,329.9,139.9,237
7.868723549488055,5,car,4.12,False,False,652.7,302.4,237
7.868723549488055,7,car,1.43,False,False,276.2,140.3,237
7.868723549488055,8,car,0.66,False,False,145.0,140.5,237
7.901924914675768,3,car,3.8,False,False,825.6,459.6,238
7.901924914675768,4,car,1.54,False,False,330.1,139.8,238
7.901924914675768,5,car,3.84,False,False,654.9,304.7,238
7.901924914675768,7,car,1.43,False,False,276.2,140.3,238
7.901924914675768,8,car,0.66,False,False,145.0,140.5,238
7.935126279863481,3,car,3.8,False,False,825.6,459.6,239
7.935126279863481,4,car,1.74,False,False,331.1,140.2,239
7.935126279863481,5,car,4.28,False,False,659.1,309.2,239
7.935126279863481,7,car,1.43,False,False,276.2,140.3,239
7.935126279863481,8,car,0.66,False,False,145.0,140.5,239
7.968327645051195,3,car,3.8,False,False,825.6,459.6,240
7.968327645051195,4,car,1.73,False,False,331.8,140.5,240
7.968327645051195,5,car,4.24,False,False,663.1,312.7,240
7.968327645051195,7,car,1.78,False,False,278.9,140.4,240
7.968327645051195,8,car,0.66,False,False,145.0,140.5,240
8.001529010238908,3,car,3.8,False,False,825.6,459.6,241
8.001529010238908,4,car,1.66,False,False,332.9,140.3,241
8.001529010238908,5,car,3.98,False,False,665.0,314.6,241
8.001529010238908,7,car,1.82,False,False,279.6,140.5,241
8.001529010238908,8,car,0.66,False,False,145.0,140.5,241
8.034730375426621,3,car,3.8,False,False,825.6,459.6,242
8.034730375426621,4,car,1.81,False,False,334.3,140.1,242
8.034730375426621,5,car,4.42,False,False,669.5,317.7,242
8.034730375426621,7,car,2.21,False,False,280.6,140.9,242
8.034730375426621,8,car,0.66,False,False,145.0,140.5,242
8.034730375426621,9,car,0.0,False,False,184.3,137.8,242
8.067931740614334,3,car,3.8,False,False,825.6,459.6,243
8.067931740614334,4,car,1.63,False,False,335.0,140.4,243
8.067931740614334,5,car,4.5,False,False,674.9,321.9,243
8.067931740614334,7,car,2.48,False,False,281.3,139.9,243
8.067931740614334,8,car,0.66,False,False,145.0,140.5,243
8.067931740614334,9,car,0.0,False,False,184.6,137.9,243
8.101133105802049,3,car,3.8,False,False,825.6,459.6,244
8.101133105802049,4,car,1.42,False,False,335.3,140.4,244
8.101133105802049,5,car,4.14,False,False,677.3,323.3,244
8.101133105802049,7,car,2.59,False,False,281.6,138.9,244
8.101133105802049,8,car,0.66,False,False,145.0,140.5,244
8.101133105802049,9,car,0.0,False,False,185.0,138.0,244
8.134334470989762,4,car,1.55,False,False,336.3,140.4,245
8.134334470989762,5,car,4.52,False,False,681.1,328.4,245
8.134334470989762,7,car,2.98,False,False,283.0,138.0,245
8.134334470989762,8,car,0.66,False,False,145.0,140.5,245
8.134334470989762,9,car,0.0,False,False,185.3,138.0,245
8.167535836177475,4,car,1.52,False,False,337.7,140.5,246
8.167535836177475,5,car,4.29,False,False,685.4,332.3,246
8.167535836177475,7,car,3.12,False,False,284.6,137.8,246
8.167535836177475,8,car,0.64,False,False,145.0,140.5,246
8.167535836177475,9,car,0.0,False,False,186.0,138.4,246
8.200737201365188,4,car,1.47,False,False,338.3,140.6,247
8.200737201365188,5,car,3.95,False,False,687.0,334.3,247
8.200737201365188,7,car,2.76,False,False,284.7,137.7,247
8.200737201365188,8,car,0.64,False,False,145.0,140.5,247
8.200737201365188,9,car,0.0,False,False,186.0,138.2,247
8.2339385665529,4,car,1.48,False,False,339.5,140.5,248
8.2339385665529,5,car,4.39,False,False,691.6,338.7,248
8.2339385665529,7,car,2.73,False,False,285.3,137.8,248
8.2339385665529,8,car,0.64,False,False,145.0,140.5,248
8.2339385665529,9,car,0.0,False,False,185.8,138.3,248
8.267139931740616,4,car,1.49,False,False,341.0,140.4,249
8.267139931740616,5,car,4.27,False,False,695.9,342.1,249
8.267139931740616,7,car,2.69,False,False,287.3,138.0,249
8.267139931740616,8,car,0.64,False,False,145.0,140.5,249
8.267139931740616,9,car,0.0,False,False,185.9,138.3,249
8.300341296928329,4,car,1.4,False,False,341.3,140.3,250
8.300341296928329,5,car,3.96,False,False,698.1,345.1,250
8.300341296928329,7,car,2.24,False,False,287.4,137.8,250
8.300341296928329,8,car,0.64,False,False,145.0,140.5,250
8.300341296928329,9,car,0.47,False,False,186.0,138.4,250
8.333542662116042,4,car,1.6,False,False,342.5,140.5,251
8.333542662116042,5,car,4.41,False,False,702.2,350.1,251
8.333542662116042,7,car,1.97,False,False,288.3,137.4,251
8.333542662116042,8,car,0.64,False,False,145.0,140.5,251
8.333542662116042,9,car,0.42,False,False,186.2,138.3,251
8.366744027303755,4,car,1.79,False,False,344.3,140.3,252
8.366744027303755,5,car,4.43,False,False,707.9,354.2,252
8.366744027303755,7,car,1.65,False,False,288.8,137.0,252
8.366744027303755,8,car,0.64,False,False,145.0,140.5,252
8.366744027303755,9,car,0.56,False,False,187.0,138.5,252
8.399945392491468,4,car,1.68,False,False,345.3,140.2,253
8.399945392491468,5,car,4.18,False,False,710.0,356.3,253
8.399945392491468,7,car,1.37,False,False,289.2,137.1,253
8.399945392491468,8,car,0.64,False,False,145.0,140.5,253
8.399945392491468,9,car,0.56,False,False,187.0,138.5,253
8.43314675767918,4,car,1.84,False,False,347.0,140.7,254
8.43314675767918,5,car,4.66,False,False,715.3,361.2,254
8.43314675767918,7,car,1.39,False,False,290.1,137.0,254
8.43314675767918,8,car,0.62,False,False,145.0,140.5,254
8.43314675767918,9,car,0.54,False,False,187.0,138.5,254
8.466348122866895,4,car,1.76,False,False,347.6,141.0,255
8.466348122866895,5,car,4.72,False,False,719.9,365.9,255
8.466348122866895,7,car,1.47,False,False,291.1,137.5,255
8.466348122866895,8,car,0.62,False,False,145.0,140.5,255
8.466348122866895,9,car,0.54,False,False,187.0,138.5,255
8.499549488054608,4,car,1.51,False,False,347.9,140.9,256
8.499549488054608,5,car,4.42,False,False,721.7,367.5,256
8.499549488054608,7,car,1.08,False,False,291.3,137.3,256
8.499549488054608,8,car,0.62,False,False,145.0,140.5,256
8.499549488054608,9,car,0.54,False,False,187.0,138.5,256
8.532750853242321,4,car,1.74,False,False,349.4,140.9,257
8.532750853242321,5,car,4.71,False,False,727.0,371.8,257
8.532750853242321,7,car,1.37,False,False,292.9,137.2,257
8.532750853242321,8,car,0.62,False,False,145.0,140.5,257
8.532750853242321,9,car,0.54,False,False,187.0,138.5,257
8.565952218430034,4,car,1.77,False,False,350.4,141.3,258
8.565952218430034,5,car,4.68,False,False,730.6,377.2,258
8.565952218430034,7,car,1.47,False,False,294.2,137.2,258
8.565952218430034,8,car,0.62,False,False,145.0,140.5,258
8.565952218430034,9,car,0.54,False,False,187.0,138.5,258
8.599153583617747,4,car,1.45,False,False,350.7,141.1,259
8.599153583617747,5,car,4.37,False,False,733.5,379.4,259
8.599153583617747,7,car,1.38,False,False,294.3,137.1,259
8.599153583617747,8,car,0.62,False,False,145.0,140.5,259
8.599153583617747,9,car,0.54,False,False,187.0,138.5,259
8.632354948805462,4,car,1.46,False,False,351.8,141.1,260
8.632354948805462,5,car,4.89,False,False,738.4,385.1,260
8.632354948805462,7,car,1.46,False,False,295.1,137.0,260
8.632354948805462,8,car,0.62,False,False,145.0,140.5,260
8.632354948805462,9,car,0.54,False,False,187.0,138.5,260
8.665556313993175,4,car,1.52,False,False,353.7,141.4,261
8.665556313993175,5,car,4.75,False,False,742.7,390.3,261
8.665556313993175,7,car,1.48,False,False,296.7,137.3,261
8.665556313993175,8,car,0.62,False,False,145.0,140.5,261
8.665556313993175,9,car,0.54,False,False,187.0,138.5,261
8.698757679180888,4,car,1.58,False,False,354.4,141.6,262
8.698757679180888,5,car,4.61,False,False,744.8,392.3,262
8.698757679180888,7,car,1.44,False,False,297.1,137.2,262
8.698757679180888,8,car,0.66,False,False,145.0,140.5,262
8.698757679180888,9,car,0.57,False,False,187.0,138.5,262
8.731959044368601,4,car,1.71,False,False,355.3,141.9,263
8.731959044368601,5,car,5.15,False,False,750.1,397.4,263
8.731959044368601,7,car,1.63,False,False,298.2,137.4,263
8.731959044368601,8,car,0.66,False,False,145.0,140.5,263
8.731959044368601,9,car,0.57,False,False,187.0,138.5,263
8.765160409556314,4,car,1.77,False,False,356.8,142.6,264
8.765160409556314,5,car,5.32,False,False,754.9,403.7,264
8.765160409556314,7,car,1.49,False,False,299.3,137.0,264
8.765160409556314,9,car,1.13,False,False,189.4,140.0,264
8.798361774744027,4,car,1.59,False,False,357.4,142.7,265
8.798361774744027,5,car,4.86,False,False,757.1,404.8,265
8.798361774744027,7,car,1.27,False,False,299.6,136.9,265
8.798361774744027,9,car,1.13,False,False,189.4,140.0,265
8.831563139931742,4,car,1.8,False,False,358.4,143.3,266
8.831563139931742,5,car,5.41,False,False,763.0,410.2,266
8.831563139931742,7,car,1.52,False,False,300.5,136.7,266
8.831563139931742,9,car,1.74,False,False,192.3,139.9,266
8.864764505119455,4,car,1.82,False,False,359.6,143.5,267
8.864764505119455,5,car,5.23,False,False,769.5,413.6,267
8.864764505119455,7,car,1.65,False,False,301.8,136.6,267
8.864764505119455,9,car,1.85,False,False,193.0,140.1,267
8.864764505119455,10,car,0.0,False,False,241.3,149.6,267
8.897965870307168,4,car,1.56,False,False,360.4,143.4,268
8.897965870307168,5,car,4.57,False,False,770.5,415.0,268
8.897965870307168,7,car,1.34,False,False,302.1,136.6,268
8.897965870307168,9,car,1.9,False,False,192.5,140.1,268
8.897965870307168,10,car,0.0,False,False,241.3,149.6,268
8.93116723549488,4,car,1.71,False,False,361.7,143.9,269
8.93116723549488,5,car,4.57,False,False,770.5,415.0,269
8.93116723549488,7,car,1.47,False,False,303.0,136.3,269
8.93116723549488,9,car,2.29,False,False,190.7,140.3,269
8.93116723549488,10,car,0.0,False,False,241.3,149.6,269
8.964368600682594,4,car,1.81,False,False,363.1,144.0,270
8.964368600682594,5,car,4.74,False,False,775.3,421.2,270
8.964368600682594,7,car,1.47,False,False,304.1,136.3,270
8.964368600682594,9,car,2.97,False,False,194.0,140.7,270
8.964368600682594,10,car,0.0,False,False,243.0,146.3,270
8.997569965870307,4,car,1.67,False,False,364.1,143.8,271
8.997569965870307,5,car,4.08,False,False,777.0,423.1,271
8.997569965870307,7,car,1.36,False,False,304.7,136.5,271
8.997569965870307,9,car,2.99,False,False,193.0,140.9,271
8.997569965870307,10,car,0.0,False,False,243.0,146.3,271
9.030771331058022,4,car,1.71,False,False,364.8,143.9,272
9.030771331058022,5,car,4.08,False,False,777.0,423.1,272
9.030771331058022,7,car,1.83,False,False,307.2,136.2,272
9.030771331058022,9,car,2.36,False,False,192.8,141.1,272
9.030771331058022,10,car,0.0,False,False,244.4,147.8,272
9.063972696245735,4,car,1.71,False,False,366.1,144.3,273
9.063972696245735,5,car,3.66,False,False,781.8,428.0,273
9.063972696245735,7,car,2.09,False,False,309.3,136.6,273
9.063972696245735,9,car,1.94,False,False,193.8,141.3,273
9.063972696245735,10,car,0.0,False,False,244.9,146.8,273
9.097174061433448,4,car,1.59,False,False,366.6,144.5,274
9.097174061433448,5,car,3.41,False,False,782.4,429.9,274
9.097174061433448,7,car,1.97,False,False,309.6,137.0,274
9.097174061433448,9,car,1.83,False,False,193.9,141.3,274
9.097174061433448,10,car,0.0,False,False,244.7,146.8,274
9.13037542662116,4,car,1.71,False,False,367.8,145.2,275
9.13037542662116,5,car,2.66,False,False,784.9,433.1,275
9.13037542662116,7,car,2.04,False,False,309.2,137.4,275
9.13037542662116,9,car,2.12,False,False,195.7,141.5,275
9.13037542662116,10,car,0.0,False,False,246.4,147.0,275
9.163576791808874,4,car,1.66,False,False,369.1,145.3,276
9.163576791808874,5,car,1.99,False,False,786.0,434.9,276
9.163576791808874,7,car,2.11,False,False,310.5,137.3,276
9.163576791808874,9,car,1.97,False,False,196.9,141.7,276
9.163576791808874,10,car,0.0,False,False,247.3,146.9,276
9.196778156996588,4,car,1.54,False,False,369.9,145.2,277
9.196778156996588,5,car,1.96,False,False,786.8,435.8,277
9.196778156996588,7,car,2.19,False,False,311.9,137.3,277
9.196778156996588,9,car,1.26,False,False,196.7,141.7,277
9.196778156996588,10,car,0.0,False,False,247.9,147.0,277
9.229979522184301,4,car,1.58,False,False,371.1,145.5,278
9.229979522184301,5,car,1.69,False,False,789.5,439.7,278
9.229979522184301,7,car,2.42,False,False,313.4,137.8,278
9.229979522184301,9,car,1.48,False,False,198.2,142.4,278
9.229979522184301,10,car,1.64,False,False,248.8,146.7,278
9.263180887372014,4,car,1.64,False,False,372.1,145.8,279
9.263180887372014,5,car,1.79,False,False,792.1,442.4,279
9.263180887372014,7,car,2.17,False,False,312.1,137.7,279
9.263180887372014,9,car,1.54,False,False,198.9,142.6,279
9.263180887372014,10,car,1.26,False,False,249.0,146.6,279
9.296382252559727,4,car,1.83,False,False,374.3,146.0,280
9.296382252559727,5,car,1.26,False,False,792.4,444.2,280
9.296382252559727,7,car,1.72,False,False,311.9,137.8,280
9.296382252559727,9,car,1.55,False,False,198.1,142.9,280
9.296382252559727,10,car,1.25,False,False,249.6,147.3,280
9.32958361774744,4,car,2.04,False,False,375.4,146.7,281
9.32958361774744,5,car,1.53,False,False,795.3,447.6,281
9.32958361774744,7,car,1.7,False,False,312.7,137.8,281
9.32958361774744,9,car,1.73,False,False,197.3,143.3,281
9.32958361774744,10,car,1.39,False,False,250.4,147.2,281
9.362784982935153,4,car,2.05,False,False,376.8,147.1,282
9.362784982935153,5,car,1.53,False,False,795.3,447.6,282
9.362784982935153,7,car,2.6,False,False,317.3,137.5,282
9.362784982935153,9,car,1.64,False,False,198.6,143.5,282
9.362784982935153,10,car,1.2,False,False,251.1,147.0,282
9.395986348122868,4,car,1.93,False,False,377.5,147.2,283
9.395986348122868,5,car,1.53,False,False,795.3,447.6,283
9.395986348122868,7,car,2.39,False,False,317.6,137.4,283
9.395986348122868,9,car,1.53,False,False,199.3,143.6,283
9.395986348122868,10,car,1.13,False,False,251.8,146.8,283
9.429187713310581,4,car,2.19,False,False,379.2,148.1,284
9.429187713310581,5,car,3.12,False,False,811.1,455.9,284
9.429187713310581,7,car,2.62,False,False,320.0,137.7,284
9.429187713310581,9,car,1.81,False,False,200.5,144.0,284
9.429187713310581,10,car,1.11,False,False,252.2,146.6,284
9.462389078498294,4,car,2.35,False,False,381.2,148.4,285
9.462389078498294,5,car,3.45,False,False,815.0,458.7,285
9.462389078498294,7,car,2.4,False,False,320.6,138.0,285
9.462389078498294,9,car,1.61,False,False,201.6,144.2,285
9.462389078498294,10,car,0.98,False,False,252.7,146.3,285
9.495590443686007,4,car,2.11,False,False,382.0,148.4,286
9.495590443686007,5,car,3.17,False,False,815.0,458.7,286
9.495590443686007,7,car,2.05,False,False,320.2,138.5,286
9.495590443686007,9,car,1.42,False,False,201.2,144.0,286
9.495590443686007,10,car,0.9,False,False,252.7,146.3,286
9.52879180887372,4,car,1.99,False,False,383.6,148.7,287
9.52879180887372,5,car,3.17,False,False,815.0,458.7,287
9.52879180887372,7,car,2.32,False,False,321.9,138.5,287
9.52879180887372,9,car,1.29,False,False,201.3,144.2,287
9.52879180887372,10,car,0.9,False,False,252.7,146.3,287
9.561993174061435,4,car,1.96,False,False,385.0,148.9,288
9.561993174061435,5,car,3.17,False,False,815.0,458.7,288
9.561993174061435,7,car,2.7,False,False,324.5,138.2,288
9.561993174061435,9,car,1.2,False,False,201.9,144.1,288
9.561993174061435,10,car,0.9,False,False,252.7,146.3,288
9.595194539249148,4,car,1.76,False,False,385.4,148.7,289
9.595194539249148,5,car,3.17,False,False,815.0,458.7,289
9.595194539249148,7,car,1.9,False,False,325.2,138.3,289
9.595194539249148,9,car,1.05,False,False,202.5,144.2,289
9.595194539249148,10,car,1.31,False,False,254.6,145.5,289
9.62839590443686,4,car,1.77,False,False,385.7,149.5,290
9.62839590443686,5,car,3.17,False,False,815.0,458.7,290
9.62839590443686,7,car,2.32,False,False,327.6,138.6,290
9.62839590443686,9,car,1.27,False,False,204.1,144.8,290
9.62839590443686,10,car,1.43,False,False,256.0,145.7,290
9.661597269624574,4,car,1.58,False,False,386.7,149.8,291
9.661597269624574,5,car,3.17,False,False,815.0,458.7,291
9.661597269624574,7,car,1.9,False,False,327.4,139.1,291
9.661597269624574,9,car,1.46,False,False,206.3,145.5,291
9.661597269624574,10,car,1.43,False,False,256.0,145.7,291
9.694798634812287,4,car,1.35,False,False,387.5,149.9,292
9.694798634812287,5,car,3.17,False,False,815.0,458.7,292
9.694798634812287,7,car,1.89,False,False,327.9,138.8,292
9.694798634812287,9,car,1.35,False,False,206.9,145.7,292
9.694798634812287,10,car,1.43,False,False,256.0,145.7,292
9.728,4,car,1.57,False,False,389.5,150.5,293
9.728,5,car,3.17,False,False,815.0,458.7,293
9.728,7,car,1.82,False,False,328.1,138.4,293
9.728,9,car,1.45,False,False,207.1,146.8,293
9.728,10,car,1.81,False,False,258.6,146.0,293
